model_num,run,remove_features,scaled,val_random,prediction_threshold,trials,sampling_technique,sub_sampling_seed,sampling_technique_seed,train_set_name,validation_set_name,test_set_name,objective,boosting_type,scale_pos_weight,learning_rate,num_leaves,max_depth,min_child_weight,subsample,colsample_bytree,reg_alpha,reg_lambda,min_child_samples
0,False,False,False,False,0.5,100,,8091,7013,not_mlp_sorted_by_issue_d_and_then_id_train_data_20461_20240,validation_0,test_0,[binary],[gbdt],[1 2],[0.01 0.2],[10 100],[3 7],[1 4],[0.3 0.7],[0.3 0.7],[0.001 0.01],[0.001 0.01],[10 100]
1,False,False,False,False,0.5,100,,8091,7013,not_mlp_sorted_by_issue_d_and_then_id_train_data_20461_20240,validation_1,test_1,[binary],[gbdt],[1 2],[0.01 0.2],[10 100],[3 7],[1 4],[0.3 0.7],[0.3 0.7],[0.001 0.01],[0.001 0.01],[10 100]
2,False,False,False,False,0.5,100,,8091,7013,not_mlp_sorted_by_issue_d_and_then_id_train_data_20461_20240,validation_2,test_2,[binary],[gbdt],[1 2],[0.01 0.2],[10 100],[3 7],[1 4],[0.3 0.7],[0.3 0.7],[0.001 0.01],[0.001 0.01],[10 100]
3,False,False,False,False,0.5,100,,8091,7013,not_mlp_sorted_by_issue_d_and_then_id_train_data_20461_20240,validation_3,test_3,[binary],[gbdt],[1 2],[0.01 0.2],[10 100],[3 7],[1 4],[0.3 0.7],[0.3 0.7],[0.001 0.01],[0.001 0.01],[10 100]
4,False,False,False,False,0.5,100,,8091,7013,not_mlp_sorted_by_issue_d_and_then_id_train_data_20461_20240,validation_4,test_4,[binary],[gbdt],[1 2],[0.01 0.2],[10 100],[3 7],[1 4],[0.3 0.7],[0.3 0.7],[0.001 0.01],[0.001 0.01],[10 100]
5,False,False,False,False,0.5,100,,8091,7013,not_mlp_sorted_by_issue_d_and_then_id_train_data_20461_20240,validation_5,test_5,[binary],[gbdt],[1 2],[0.01 0.2],[10 100],[3 7],[1 4],[0.3 0.7],[0.3 0.7],[0.001 0.01],[0.001 0.01],[10 100]
6,False,False,False,False,0.5,100,,8091,7013,not_mlp_sorted_by_issue_d_and_then_id_train_data_20461_20240,validation_6,test_6,[binary],[gbdt],[1 2],[0.01 0.2],[10 100],[3 7],[1 4],[0.3 0.7],[0.3 0.7],[0.001 0.01],[0.001 0.01],[10 100]
7,False,False,False,False,0.5,100,,8091,7013,not_mlp_sorted_by_issue_d_and_then_id_train_data_20461_20240,validation_7,test_7,[binary],[gbdt],[1 2],[0.01 0.2],[10 100],[3 7],[1 4],[0.3 0.7],[0.3 0.7],[0.001 0.01],[0.001 0.01],[10 100]
8,False,False,False,False,0.5,100,,8091,7013,not_mlp_sorted_by_issue_d_and_then_id_train_data_20461_20240,validation_8,test_8,[binary],[gbdt],[1 2],[0.01 0.2],[10 100],[3 7],[1 4],[0.3 0.7],[0.3 0.7],[0.001 0.01],[0.001 0.01],[10 100]
9,False,False,False,False,0.5,100,,8091,7013,not_mlp_sorted_by_issue_d_and_then_id_train_data_20461_20240,validation_9,test_9,[binary],[gbdt],[1 2],[0.01 0.2],[10 100],[3 7],[1 4],[0.3 0.7],[0.3 0.7],[0.001 0.01],[0.001 0.01],[10 100]
10,False,False,False,False,0.5,100,,8091,7013,not_mlp_sorted_by_issue_d_and_then_id_train_data_20461_20240,validation_10,test_10,[binary],[gbdt],[1 2],[0.01 0.2],[10 100],[3 7],[1 4],[0.3 0.7],[0.3 0.7],[0.001 0.01],[0.001 0.01],[10 100]
11,False,False,False,False,0.5,100,,8091,7013,not_mlp_sorted_by_issue_d_and_then_id_train_data_20461_20240,validation_11,test_11,[binary],[gbdt],[1 2],[0.01 0.2],[10 100],[3 7],[1 4],[0.3 0.7],[0.3 0.7],[0.001 0.01],[0.001 0.01],[10 100]
12,False,False,False,False,0.5,100,,8091,7013,not_mlp_sorted_by_issue_d_and_then_id_train_data_20461_20240,validation_12,test_12,[binary],[gbdt],[1 2],[0.01 0.2],[10 100],[3 7],[1 4],[0.3 0.7],[0.3 0.7],[0.001 0.01],[0.001 0.01],[10 100]
13,False,False,False,False,0.5,100,,8091,7013,not_mlp_sorted_by_issue_d_and_then_id_train_data_20461_20240,validation_13,test_13,[binary],[gbdt],[1 2],[0.01 0.2],[10 100],[3 7],[1 4],[0.3 0.7],[0.3 0.7],[0.001 0.01],[0.001 0.01],[10 100]
14,False,False,False,False,0.5,100,,8091,7013,not_mlp_sorted_by_issue_d_and_then_id_train_data_20461_20240,validation_14,test_14,[binary],[gbdt],[1 2],[0.01 0.2],[10 100],[3 7],[1 4],[0.3 0.7],[0.3 0.7],[0.001 0.01],[0.001 0.01],[10 100]
15,False,False,False,False,0.5,100,,8091,7013,not_mlp_sorted_by_issue_d_and_then_id_train_data_20461_20240,validation_15,test_15,[binary],[gbdt],[1 2],[0.01 0.2],[10 100],[3 7],[1 4],[0.3 0.7],[0.3 0.7],[0.001 0.01],[0.001 0.01],[10 100]
16,False,False,False,False,0.5,100,,8091,7013,not_mlp_sorted_by_issue_d_and_then_id_train_data_20461_20240,validation_16,test_16,[binary],[gbdt],[1 2],[0.01 0.2],[10 100],[3 7],[1 4],[0.3 0.7],[0.3 0.7],[0.001 0.01],[0.001 0.01],[10 100]
17,False,False,False,False,0.5,100,,8091,7013,not_mlp_sorted_by_issue_d_and_then_id_train_data_20461_20240,validation_17,test_17,[binary],[gbdt],[1 2],[0.01 0.2],[10 100],[3 7],[1 4],[0.3 0.7],[0.3 0.7],[0.001 0.01],[0.001 0.01],[10 100]
18,False,False,False,False,0.5,100,,8091,7013,not_mlp_sorted_by_issue_d_and_then_id_train_data_20461_20240,validation_18,test_18,[binary],[gbdt],[1 2],[0.01 0.2],[10 100],[3 7],[1 4],[0.3 0.7],[0.3 0.7],[0.001 0.01],[0.001 0.01],[10 100]
19,False,False,False,False,0.5,100,,8091,7013,not_mlp_sorted_by_issue_d_and_then_id_train_data_20461_20240,validation_19,test_19,[binary],[gbdt],[1 2],[0.01 0.2],[10 100],[3 7],[1 4],[0.3 0.7],[0.3 0.7],[0.001 0.01],[0.001 0.01],[10 100]
20,False,False,False,False,0.5,100,,8091,7013,not_mlp_sorted_by_issue_d_and_then_id_train_data_20461_20240,validation_20,test_20,[binary],[gbdt],[1 2],[0.01 0.2],[10 100],[3 7],[1 4],[0.3 0.7],[0.3 0.7],[0.001 0.01],[0.001 0.01],[10 100]
21,False,False,False,False,0.5,100,,8091,7013,not_mlp_sorted_by_issue_d_and_then_id_train_data_20461_20240,validation_21,test_21,[binary],[gbdt],[1 2],[0.01 0.2],[10 100],[3 7],[1 4],[0.3 0.7],[0.3 0.7],[0.001 0.01],[0.001 0.01],[10 100]
22,False,False,False,False,0.5,100,,8091,7013,not_mlp_sorted_by_issue_d_and_then_id_train_data_20461_20240,validation_22,test_22,[binary],[gbdt],[1 2],[0.01 0.2],[10 100],[3 7],[1 4],[0.3 0.7],[0.3 0.7],[0.001 0.01],[0.001 0.01],[10 100]
23,False,False,False,False,0.5,100,,8091,7013,not_mlp_sorted_by_issue_d_and_then_id_train_data_20461_20240,validation_23,test_23,[binary],[gbdt],[1 2],[0.01 0.2],[10 100],[3 7],[1 4],[0.3 0.7],[0.3 0.7],[0.001 0.01],[0.001 0.01],[10 100]
24,False,False,False,False,0.5,100,,8091,7013,not_mlp_sorted_by_issue_d_and_then_id_train_data_20461_20240,validation_24,test_24,[binary],[gbdt],[1 2],[0.01 0.2],[10 100],[3 7],[1 4],[0.3 0.7],[0.3 0.7],[0.001 0.01],[0.001 0.01],[10 100]
25,False,False,False,False,0.5,100,,8091,7013,not_mlp_sorted_by_issue_d_and_then_id_train_data_20461_20240,validation_25,test_25,[binary],[gbdt],[1 2],[0.01 0.2],[10 100],[3 7],[1 4],[0.3 0.7],[0.3 0.7],[0.001 0.01],[0.001 0.01],[10 100]
26,False,False,False,False,0.5,100,,8091,7013,not_mlp_sorted_by_issue_d_and_then_id_train_data_20461_20240,validation_26,test_26,[binary],[gbdt],[1 2],[0.01 0.2],[10 100],[3 7],[1 4],[0.3 0.7],[0.3 0.7],[0.001 0.01],[0.001 0.01],[10 100]
27,False,False,False,False,0.5,100,,8091,7013,not_mlp_sorted_by_issue_d_and_then_id_train_data_20461_20240,validation_27,test_27,[binary],[gbdt],[1 2],[0.01 0.2],[10 100],[3 7],[1 4],[0.3 0.7],[0.3 0.7],[0.001 0.01],[0.001 0.01],[10 100]
28,False,False,False,False,0.5,100,,8091,7013,not_mlp_sorted_by_issue_d_and_then_id_train_data_20461_20240,validation_28,test_28,[binary],[gbdt],[1 2],[0.01 0.2],[10 100],[3 7],[1 4],[0.3 0.7],[0.3 0.7],[0.001 0.01],[0.001 0.01],[10 100]
29,False,False,False,False,0.5,100,,8091,7013,not_mlp_sorted_by_issue_d_and_then_id_train_data_20461_20240,validation_29,test_29,[binary],[gbdt],[1 2],[0.01 0.2],[10 100],[3 7],[1 4],[0.3 0.7],[0.3 0.7],[0.001 0.01],[0.001 0.01],[10 100]
30,False,False,False,False,0.5,100,,8091,7013,not_mlp_sorted_by_issue_d_and_then_id_train_data_20461_20240,validation_30,test_30,[binary],[gbdt],[1 2],[0.01 0.2],[10 100],[3 7],[1 4],[0.3 0.7],[0.3 0.7],[0.001 0.01],[0.001 0.01],[10 100]
31,False,False,False,False,0.5,100,,8091,7013,not_mlp_sorted_by_issue_d_and_then_id_train_data_20461_20240,validation_31,test_31,[binary],[gbdt],[1 2],[0.01 0.2],[10 100],[3 7],[1 4],[0.3 0.7],[0.3 0.7],[0.001 0.01],[0.001 0.01],[10 100]
32,False,False,False,False,0.5,100,,8091,7013,not_mlp_sorted_by_issue_d_and_then_id_train_data_20461_20240,validation_32,test_32,[binary],[gbdt],[1 2],[0.01 0.2],[10 100],[3 7],[1 4],[0.3 0.7],[0.3 0.7],[0.001 0.01],[0.001 0.01],[10 100]
33,False,False,False,False,0.5,100,,8091,7013,not_mlp_sorted_by_issue_d_and_then_id_train_data_20461_20240,validation_33,test_33,[binary],[gbdt],[1 2],[0.01 0.2],[10 100],[3 7],[1 4],[0.3 0.7],[0.3 0.7],[0.001 0.01],[0.001 0.01],[10 100]
34,False,False,False,False,0.5,100,,8091,7013,not_mlp_sorted_by_issue_d_and_then_id_train_data_20461_20240,validation_34,test_34,[binary],[gbdt],[1 2],[0.01 0.2],[10 100],[3 7],[1 4],[0.3 0.7],[0.3 0.7],[0.001 0.01],[0.001 0.01],[10 100]
35,False,False,False,False,0.5,100,RU,8091,7013,not_mlp_sorted_by_issue_d_and_then_id_train_data_20461_20240,validation_0,test_0,[binary],[gbdt],[1 2],[0.01 0.2],[10 100],[3 7],[1 4],[0.3 0.7],[0.3 0.7],[0.001 0.01],[0.001 0.01],[10 100]
36,False,False,False,False,0.5,100,RU,8091,7013,not_mlp_sorted_by_issue_d_and_then_id_train_data_20461_20240,validation_1,test_1,[binary],[gbdt],[1 2],[0.01 0.2],[10 100],[3 7],[1 4],[0.3 0.7],[0.3 0.7],[0.001 0.01],[0.001 0.01],[10 100]
37,False,False,False,False,0.5,100,RU,8091,7013,not_mlp_sorted_by_issue_d_and_then_id_train_data_20461_20240,validation_2,test_2,[binary],[gbdt],[1 2],[0.01 0.2],[10 100],[3 7],[1 4],[0.3 0.7],[0.3 0.7],[0.001 0.01],[0.001 0.01],[10 100]
38,False,False,False,False,0.5,100,RU,8091,7013,not_mlp_sorted_by_issue_d_and_then_id_train_data_20461_20240,validation_3,test_3,[binary],[gbdt],[1 2],[0.01 0.2],[10 100],[3 7],[1 4],[0.3 0.7],[0.3 0.7],[0.001 0.01],[0.001 0.01],[10 100]
39,False,False,False,False,0.5,100,RU,8091,7013,not_mlp_sorted_by_issue_d_and_then_id_train_data_20461_20240,validation_4,test_4,[binary],[gbdt],[1 2],[0.01 0.2],[10 100],[3 7],[1 4],[0.3 0.7],[0.3 0.7],[0.001 0.01],[0.001 0.01],[10 100]
40,False,False,False,False,0.5,100,RU,8091,7013,not_mlp_sorted_by_issue_d_and_then_id_train_data_20461_20240,validation_5,test_5,[binary],[gbdt],[1 2],[0.01 0.2],[10 100],[3 7],[1 4],[0.3 0.7],[0.3 0.7],[0.001 0.01],[0.001 0.01],[10 100]
41,False,False,False,False,0.5,100,RU,8091,7013,not_mlp_sorted_by_issue_d_and_then_id_train_data_20461_20240,validation_6,test_6,[binary],[gbdt],[1 2],[0.01 0.2],[10 100],[3 7],[1 4],[0.3 0.7],[0.3 0.7],[0.001 0.01],[0.001 0.01],[10 100]
42,False,False,False,False,0.5,100,RU,8091,7013,not_mlp_sorted_by_issue_d_and_then_id_train_data_20461_20240,validation_7,test_7,[binary],[gbdt],[1 2],[0.01 0.2],[10 100],[3 7],[1 4],[0.3 0.7],[0.3 0.7],[0.001 0.01],[0.001 0.01],[10 100]
43,False,False,False,False,0.5,100,RU,8091,7013,not_mlp_sorted_by_issue_d_and_then_id_train_data_20461_20240,validation_8,test_8,[binary],[gbdt],[1 2],[0.01 0.2],[10 100],[3 7],[1 4],[0.3 0.7],[0.3 0.7],[0.001 0.01],[0.001 0.01],[10 100]
44,False,False,False,False,0.5,100,RU,8091,7013,not_mlp_sorted_by_issue_d_and_then_id_train_data_20461_20240,validation_9,test_9,[binary],[gbdt],[1 2],[0.01 0.2],[10 100],[3 7],[1 4],[0.3 0.7],[0.3 0.7],[0.001 0.01],[0.001 0.01],[10 100]
45,False,False,False,False,0.5,100,RU,8091,7013,not_mlp_sorted_by_issue_d_and_then_id_train_data_20461_20240,validation_10,test_10,[binary],[gbdt],[1 2],[0.01 0.2],[10 100],[3 7],[1 4],[0.3 0.7],[0.3 0.7],[0.001 0.01],[0.001 0.01],[10 100]
46,False,False,False,False,0.5,100,RU,8091,7013,not_mlp_sorted_by_issue_d_and_then_id_train_data_20461_20240,validation_11,test_11,[binary],[gbdt],[1 2],[0.01 0.2],[10 100],[3 7],[1 4],[0.3 0.7],[0.3 0.7],[0.001 0.01],[0.001 0.01],[10 100]
47,False,False,False,False,0.5,100,RU,8091,7013,not_mlp_sorted_by_issue_d_and_then_id_train_data_20461_20240,validation_12,test_12,[binary],[gbdt],[1 2],[0.01 0.2],[10 100],[3 7],[1 4],[0.3 0.7],[0.3 0.7],[0.001 0.01],[0.001 0.01],[10 100]
48,False,False,False,False,0.5,100,RU,8091,7013,not_mlp_sorted_by_issue_d_and_then_id_train_data_20461_20240,validation_13,test_13,[binary],[gbdt],[1 2],[0.01 0.2],[10 100],[3 7],[1 4],[0.3 0.7],[0.3 0.7],[0.001 0.01],[0.001 0.01],[10 100]
49,False,False,False,False,0.5,100,RU,8091,7013,not_mlp_sorted_by_issue_d_and_then_id_train_data_20461_20240,validation_14,test_14,[binary],[gbdt],[1 2],[0.01 0.2],[10 100],[3 7],[1 4],[0.3 0.7],[0.3 0.7],[0.001 0.01],[0.001 0.01],[10 100]
50,False,False,False,False,0.5,100,RU,8091,7013,not_mlp_sorted_by_issue_d_and_then_id_train_data_20461_20240,validation_15,test_15,[binary],[gbdt],[1 2],[0.01 0.2],[10 100],[3 7],[1 4],[0.3 0.7],[0.3 0.7],[0.001 0.01],[0.001 0.01],[10 100]
51,False,False,False,False,0.5,100,RU,8091,7013,not_mlp_sorted_by_issue_d_and_then_id_train_data_20461_20240,validation_16,test_16,[binary],[gbdt],[1 2],[0.01 0.2],[10 100],[3 7],[1 4],[0.3 0.7],[0.3 0.7],[0.001 0.01],[0.001 0.01],[10 100]
52,False,False,False,False,0.5,100,RU,8091,7013,not_mlp_sorted_by_issue_d_and_then_id_train_data_20461_20240,validation_17,test_17,[binary],[gbdt],[1 2],[0.01 0.2],[10 100],[3 7],[1 4],[0.3 0.7],[0.3 0.7],[0.001 0.01],[0.001 0.01],[10 100]
53,False,False,False,False,0.5,100,RU,8091,7013,not_mlp_sorted_by_issue_d_and_then_id_train_data_20461_20240,validation_18,test_18,[binary],[gbdt],[1 2],[0.01 0.2],[10 100],[3 7],[1 4],[0.3 0.7],[0.3 0.7],[0.001 0.01],[0.001 0.01],[10 100]
54,False,False,False,False,0.5,100,RU,8091,7013,not_mlp_sorted_by_issue_d_and_then_id_train_data_20461_20240,validation_19,test_19,[binary],[gbdt],[1 2],[0.01 0.2],[10 100],[3 7],[1 4],[0.3 0.7],[0.3 0.7],[0.001 0.01],[0.001 0.01],[10 100]
55,False,False,False,False,0.5,100,RU,8091,7013,not_mlp_sorted_by_issue_d_and_then_id_train_data_20461_20240,validation_20,test_20,[binary],[gbdt],[1 2],[0.01 0.2],[10 100],[3 7],[1 4],[0.3 0.7],[0.3 0.7],[0.001 0.01],[0.001 0.01],[10 100]
56,False,False,False,False,0.5,100,RU,8091,7013,not_mlp_sorted_by_issue_d_and_then_id_train_data_20461_20240,validation_21,test_21,[binary],[gbdt],[1 2],[0.01 0.2],[10 100],[3 7],[1 4],[0.3 0.7],[0.3 0.7],[0.001 0.01],[0.001 0.01],[10 100]
57,False,False,False,False,0.5,100,RU,8091,7013,not_mlp_sorted_by_issue_d_and_then_id_train_data_20461_20240,validation_22,test_22,[binary],[gbdt],[1 2],[0.01 0.2],[10 100],[3 7],[1 4],[0.3 0.7],[0.3 0.7],[0.001 0.01],[0.001 0.01],[10 100]
58,False,False,False,False,0.5,100,RU,8091,7013,not_mlp_sorted_by_issue_d_and_then_id_train_data_20461_20240,validation_23,test_23,[binary],[gbdt],[1 2],[0.01 0.2],[10 100],[3 7],[1 4],[0.3 0.7],[0.3 0.7],[0.001 0.01],[0.001 0.01],[10 100]
59,False,False,False,False,0.5,100,RU,8091,7013,not_mlp_sorted_by_issue_d_and_then_id_train_data_20461_20240,validation_24,test_24,[binary],[gbdt],[1 2],[0.01 0.2],[10 100],[3 7],[1 4],[0.3 0.7],[0.3 0.7],[0.001 0.01],[0.001 0.01],[10 100]
60,False,False,False,False,0.5,100,RU,8091,7013,not_mlp_sorted_by_issue_d_and_then_id_train_data_20461_20240,validation_25,test_25,[binary],[gbdt],[1 2],[0.01 0.2],[10 100],[3 7],[1 4],[0.3 0.7],[0.3 0.7],[0.001 0.01],[0.001 0.01],[10 100]
61,False,False,False,False,0.5,100,RU,8091,7013,not_mlp_sorted_by_issue_d_and_then_id_train_data_20461_20240,validation_26,test_26,[binary],[gbdt],[1 2],[0.01 0.2],[10 100],[3 7],[1 4],[0.3 0.7],[0.3 0.7],[0.001 0.01],[0.001 0.01],[10 100]
62,False,False,False,False,0.5,100,RU,8091,7013,not_mlp_sorted_by_issue_d_and_then_id_train_data_20461_20240,validation_27,test_27,[binary],[gbdt],[1 2],[0.01 0.2],[10 100],[3 7],[1 4],[0.3 0.7],[0.3 0.7],[0.001 0.01],[0.001 0.01],[10 100]
63,False,False,False,False,0.5,100,RU,8091,7013,not_mlp_sorted_by_issue_d_and_then_id_train_data_20461_20240,validation_28,test_28,[binary],[gbdt],[1 2],[0.01 0.2],[10 100],[3 7],[1 4],[0.3 0.7],[0.3 0.7],[0.001 0.01],[0.001 0.01],[10 100]
64,False,False,False,False,0.5,100,RU,8091,7013,not_mlp_sorted_by_issue_d_and_then_id_train_data_20461_20240,validation_29,test_29,[binary],[gbdt],[1 2],[0.01 0.2],[10 100],[3 7],[1 4],[0.3 0.7],[0.3 0.7],[0.001 0.01],[0.001 0.01],[10 100]
65,False,False,False,False,0.5,100,RU,8091,7013,not_mlp_sorted_by_issue_d_and_then_id_train_data_20461_20240,validation_30,test_30,[binary],[gbdt],[1 2],[0.01 0.2],[10 100],[3 7],[1 4],[0.3 0.7],[0.3 0.7],[0.001 0.01],[0.001 0.01],[10 100]
66,False,False,False,False,0.5,100,RU,8091,7013,not_mlp_sorted_by_issue_d_and_then_id_train_data_20461_20240,validation_31,test_31,[binary],[gbdt],[1 2],[0.01 0.2],[10 100],[3 7],[1 4],[0.3 0.7],[0.3 0.7],[0.001 0.01],[0.001 0.01],[10 100]
67,False,False,False,False,0.5,100,RU,8091,7013,not_mlp_sorted_by_issue_d_and_then_id_train_data_20461_20240,validation_32,test_32,[binary],[gbdt],[1 2],[0.01 0.2],[10 100],[3 7],[1 4],[0.3 0.7],[0.3 0.7],[0.001 0.01],[0.001 0.01],[10 100]
68,False,False,False,False,0.5,100,RU,8091,7013,not_mlp_sorted_by_issue_d_and_then_id_train_data_20461_20240,validation_33,test_33,[binary],[gbdt],[1 2],[0.01 0.2],[10 100],[3 7],[1 4],[0.3 0.7],[0.3 0.7],[0.001 0.01],[0.001 0.01],[10 100]
69,False,False,False,False,0.5,100,RU,8091,7013,not_mlp_sorted_by_issue_d_and_then_id_train_data_20461_20240,validation_34,test_34,[binary],[gbdt],[1 2],[0.01 0.2],[10 100],[3 7],[1 4],[0.3 0.7],[0.3 0.7],[0.001 0.01],[0.001 0.01],[10 100]
70,False,False,False,False,0.5,100,SM,8091,7013,not_mlp_sorted_by_issue_d_and_then_id_train_data_20461_20240,validation_0,test_0,[binary],[gbdt],[1 2],[0.01 0.2],[10 100],[3 7],[1 4],[0.3 0.7],[0.3 0.7],[0.001 0.01],[0.001 0.01],[10 100]
71,False,False,False,False,0.5,100,SM,8091,7013,not_mlp_sorted_by_issue_d_and_then_id_train_data_20461_20240,validation_1,test_1,[binary],[gbdt],[1 2],[0.01 0.2],[10 100],[3 7],[1 4],[0.3 0.7],[0.3 0.7],[0.001 0.01],[0.001 0.01],[10 100]
72,False,False,False,False,0.5,100,SM,8091,7013,not_mlp_sorted_by_issue_d_and_then_id_train_data_20461_20240,validation_2,test_2,[binary],[gbdt],[1 2],[0.01 0.2],[10 100],[3 7],[1 4],[0.3 0.7],[0.3 0.7],[0.001 0.01],[0.001 0.01],[10 100]
73,False,False,False,False,0.5,100,SM,8091,7013,not_mlp_sorted_by_issue_d_and_then_id_train_data_20461_20240,validation_3,test_3,[binary],[gbdt],[1 2],[0.01 0.2],[10 100],[3 7],[1 4],[0.3 0.7],[0.3 0.7],[0.001 0.01],[0.001 0.01],[10 100]
74,False,False,False,False,0.5,100,SM,8091,7013,not_mlp_sorted_by_issue_d_and_then_id_train_data_20461_20240,validation_4,test_4,[binary],[gbdt],[1 2],[0.01 0.2],[10 100],[3 7],[1 4],[0.3 0.7],[0.3 0.7],[0.001 0.01],[0.001 0.01],[10 100]
75,False,False,False,False,0.5,100,SM,8091,7013,not_mlp_sorted_by_issue_d_and_then_id_train_data_20461_20240,validation_5,test_5,[binary],[gbdt],[1 2],[0.01 0.2],[10 100],[3 7],[1 4],[0.3 0.7],[0.3 0.7],[0.001 0.01],[0.001 0.01],[10 100]
76,False,False,False,False,0.5,100,SM,8091,7013,not_mlp_sorted_by_issue_d_and_then_id_train_data_20461_20240,validation_6,test_6,[binary],[gbdt],[1 2],[0.01 0.2],[10 100],[3 7],[1 4],[0.3 0.7],[0.3 0.7],[0.001 0.01],[0.001 0.01],[10 100]
77,False,False,False,False,0.5,100,SM,8091,7013,not_mlp_sorted_by_issue_d_and_then_id_train_data_20461_20240,validation_7,test_7,[binary],[gbdt],[1 2],[0.01 0.2],[10 100],[3 7],[1 4],[0.3 0.7],[0.3 0.7],[0.001 0.01],[0.001 0.01],[10 100]
78,False,False,False,False,0.5,100,SM,8091,7013,not_mlp_sorted_by_issue_d_and_then_id_train_data_20461_20240,validation_8,test_8,[binary],[gbdt],[1 2],[0.01 0.2],[10 100],[3 7],[1 4],[0.3 0.7],[0.3 0.7],[0.001 0.01],[0.001 0.01],[10 100]
79,False,False,False,False,0.5,100,SM,8091,7013,not_mlp_sorted_by_issue_d_and_then_id_train_data_20461_20240,validation_9,test_9,[binary],[gbdt],[1 2],[0.01 0.2],[10 100],[3 7],[1 4],[0.3 0.7],[0.3 0.7],[0.001 0.01],[0.001 0.01],[10 100]
80,False,False,False,False,0.5,100,SM,8091,7013,not_mlp_sorted_by_issue_d_and_then_id_train_data_20461_20240,validation_10,test_10,[binary],[gbdt],[1 2],[0.01 0.2],[10 100],[3 7],[1 4],[0.3 0.7],[0.3 0.7],[0.001 0.01],[0.001 0.01],[10 100]
81,False,False,False,False,0.5,100,SM,8091,7013,not_mlp_sorted_by_issue_d_and_then_id_train_data_20461_20240,validation_11,test_11,[binary],[gbdt],[1 2],[0.01 0.2],[10 100],[3 7],[1 4],[0.3 0.7],[0.3 0.7],[0.001 0.01],[0.001 0.01],[10 100]
82,False,False,False,False,0.5,100,SM,8091,7013,not_mlp_sorted_by_issue_d_and_then_id_train_data_20461_20240,validation_12,test_12,[binary],[gbdt],[1 2],[0.01 0.2],[10 100],[3 7],[1 4],[0.3 0.7],[0.3 0.7],[0.001 0.01],[0.001 0.01],[10 100]
83,False,False,False,False,0.5,100,SM,8091,7013,not_mlp_sorted_by_issue_d_and_then_id_train_data_20461_20240,validation_13,test_13,[binary],[gbdt],[1 2],[0.01 0.2],[10 100],[3 7],[1 4],[0.3 0.7],[0.3 0.7],[0.001 0.01],[0.001 0.01],[10 100]
84,False,False,False,False,0.5,100,SM,8091,7013,not_mlp_sorted_by_issue_d_and_then_id_train_data_20461_20240,validation_14,test_14,[binary],[gbdt],[1 2],[0.01 0.2],[10 100],[3 7],[1 4],[0.3 0.7],[0.3 0.7],[0.001 0.01],[0.001 0.01],[10 100]
85,False,False,False,False,0.5,100,SM,8091,7013,not_mlp_sorted_by_issue_d_and_then_id_train_data_20461_20240,validation_15,test_15,[binary],[gbdt],[1 2],[0.01 0.2],[10 100],[3 7],[1 4],[0.3 0.7],[0.3 0.7],[0.001 0.01],[0.001 0.01],[10 100]
86,False,False,False,False,0.5,100,SM,8091,7013,not_mlp_sorted_by_issue_d_and_then_id_train_data_20461_20240,validation_16,test_16,[binary],[gbdt],[1 2],[0.01 0.2],[10 100],[3 7],[1 4],[0.3 0.7],[0.3 0.7],[0.001 0.01],[0.001 0.01],[10 100]
87,False,False,False,False,0.5,100,SM,8091,7013,not_mlp_sorted_by_issue_d_and_then_id_train_data_20461_20240,validation_17,test_17,[binary],[gbdt],[1 2],[0.01 0.2],[10 100],[3 7],[1 4],[0.3 0.7],[0.3 0.7],[0.001 0.01],[0.001 0.01],[10 100]
88,False,False,False,False,0.5,100,SM,8091,7013,not_mlp_sorted_by_issue_d_and_then_id_train_data_20461_20240,validation_18,test_18,[binary],[gbdt],[1 2],[0.01 0.2],[10 100],[3 7],[1 4],[0.3 0.7],[0.3 0.7],[0.001 0.01],[0.001 0.01],[10 100]
89,False,False,False,False,0.5,100,SM,8091,7013,not_mlp_sorted_by_issue_d_and_then_id_train_data_20461_20240,validation_19,test_19,[binary],[gbdt],[1 2],[0.01 0.2],[10 100],[3 7],[1 4],[0.3 0.7],[0.3 0.7],[0.001 0.01],[0.001 0.01],[10 100]
90,False,False,False,False,0.5,100,SM,8091,7013,not_mlp_sorted_by_issue_d_and_then_id_train_data_20461_20240,validation_20,test_20,[binary],[gbdt],[1 2],[0.01 0.2],[10 100],[3 7],[1 4],[0.3 0.7],[0.3 0.7],[0.001 0.01],[0.001 0.01],[10 100]
91,False,False,False,False,0.5,100,SM,8091,7013,not_mlp_sorted_by_issue_d_and_then_id_train_data_20461_20240,validation_21,test_21,[binary],[gbdt],[1 2],[0.01 0.2],[10 100],[3 7],[1 4],[0.3 0.7],[0.3 0.7],[0.001 0.01],[0.001 0.01],[10 100]
92,False,False,False,False,0.5,100,SM,8091,7013,not_mlp_sorted_by_issue_d_and_then_id_train_data_20461_20240,validation_22,test_22,[binary],[gbdt],[1 2],[0.01 0.2],[10 100],[3 7],[1 4],[0.3 0.7],[0.3 0.7],[0.001 0.01],[0.001 0.01],[10 100]
93,False,False,False,False,0.5,100,SM,8091,7013,not_mlp_sorted_by_issue_d_and_then_id_train_data_20461_20240,validation_23,test_23,[binary],[gbdt],[1 2],[0.01 0.2],[10 100],[3 7],[1 4],[0.3 0.7],[0.3 0.7],[0.001 0.01],[0.001 0.01],[10 100]
94,False,False,False,False,0.5,100,SM,8091,7013,not_mlp_sorted_by_issue_d_and_then_id_train_data_20461_20240,validation_24,test_24,[binary],[gbdt],[1 2],[0.01 0.2],[10 100],[3 7],[1 4],[0.3 0.7],[0.3 0.7],[0.001 0.01],[0.001 0.01],[10 100]
95,False,False,False,False,0.5,100,SM,8091,7013,not_mlp_sorted_by_issue_d_and_then_id_train_data_20461_20240,validation_25,test_25,[binary],[gbdt],[1 2],[0.01 0.2],[10 100],[3 7],[1 4],[0.3 0.7],[0.3 0.7],[0.001 0.01],[0.001 0.01],[10 100]
96,False,False,False,False,0.5,100,SM,8091,7013,not_mlp_sorted_by_issue_d_and_then_id_train_data_20461_20240,validation_26,test_26,[binary],[gbdt],[1 2],[0.01 0.2],[10 100],[3 7],[1 4],[0.3 0.7],[0.3 0.7],[0.001 0.01],[0.001 0.01],[10 100]
97,False,False,False,False,0.5,100,SM,8091,7013,not_mlp_sorted_by_issue_d_and_then_id_train_data_20461_20240,validation_27,test_27,[binary],[gbdt],[1 2],[0.01 0.2],[10 100],[3 7],[1 4],[0.3 0.7],[0.3 0.7],[0.001 0.01],[0.001 0.01],[10 100]
98,False,False,False,False,0.5,100,SM,8091,7013,not_mlp_sorted_by_issue_d_and_then_id_train_data_20461_20240,validation_28,test_28,[binary],[gbdt],[1 2],[0.01 0.2],[10 100],[3 7],[1 4],[0.3 0.7],[0.3 0.7],[0.001 0.01],[0.001 0.01],[10 100]
99,False,False,False,False,0.5,100,SM,8091,7013,not_mlp_sorted_by_issue_d_and_then_id_train_data_20461_20240,validation_29,test_29,[binary],[gbdt],[1 2],[0.01 0.2],[10 100],[3 7],[1 4],[0.3 0.7],[0.3 0.7],[0.001 0.01],[0.001 0.01],[10 100]
100,False,False,False,False,0.5,100,SM,8091,7013,not_mlp_sorted_by_issue_d_and_then_id_train_data_20461_20240,validation_30,test_30,[binary],[gbdt],[1 2],[0.01 0.2],[10 100],[3 7],[1 4],[0.3 0.7],[0.3 0.7],[0.001 0.01],[0.001 0.01],[10 100]
101,False,False,False,False,0.5,100,SM,8091,7013,not_mlp_sorted_by_issue_d_and_then_id_train_data_20461_20240,validation_31,test_31,[binary],[gbdt],[1 2],[0.01 0.2],[10 100],[3 7],[1 4],[0.3 0.7],[0.3 0.7],[0.001 0.01],[0.001 0.01],[10 100]
102,False,False,False,False,0.5,100,SM,8091,7013,not_mlp_sorted_by_issue_d_and_then_id_train_data_20461_20240,validation_32,test_32,[binary],[gbdt],[1 2],[0.01 0.2],[10 100],[3 7],[1 4],[0.3 0.7],[0.3 0.7],[0.001 0.01],[0.001 0.01],[10 100]
103,False,False,False,False,0.5,100,SM,8091,7013,not_mlp_sorted_by_issue_d_and_then_id_train_data_20461_20240,validation_33,test_33,[binary],[gbdt],[1 2],[0.01 0.2],[10 100],[3 7],[1 4],[0.3 0.7],[0.3 0.7],[0.001 0.01],[0.001 0.01],[10 100]
104,False,False,False,False,0.5,100,SM,8091,7013,not_mlp_sorted_by_issue_d_and_then_id_train_data_20461_20240,validation_34,test_34,[binary],[gbdt],[1 2],[0.01 0.2],[10 100],[3 7],[1 4],[0.3 0.7],[0.3 0.7],[0.001 0.01],[0.001 0.01],[10 100]
105,False,False,False,False,0.5,100,SM_BL_1,8091,7013,not_mlp_sorted_by_issue_d_and_then_id_train_data_20461_20240,validation_0,test_0,[binary],[gbdt],[1 2],[0.01 0.2],[10 100],[3 7],[1 4],[0.3 0.7],[0.3 0.7],[0.001 0.01],[0.001 0.01],[10 100]
106,False,False,False,False,0.5,100,SM_BL_1,8091,7013,not_mlp_sorted_by_issue_d_and_then_id_train_data_20461_20240,validation_1,test_1,[binary],[gbdt],[1 2],[0.01 0.2],[10 100],[3 7],[1 4],[0.3 0.7],[0.3 0.7],[0.001 0.01],[0.001 0.01],[10 100]
107,False,False,False,False,0.5,100,SM_BL_1,8091,7013,not_mlp_sorted_by_issue_d_and_then_id_train_data_20461_20240,validation_2,test_2,[binary],[gbdt],[1 2],[0.01 0.2],[10 100],[3 7],[1 4],[0.3 0.7],[0.3 0.7],[0.001 0.01],[0.001 0.01],[10 100]
108,False,False,False,False,0.5,100,SM_BL_1,8091,7013,not_mlp_sorted_by_issue_d_and_then_id_train_data_20461_20240,validation_3,test_3,[binary],[gbdt],[1 2],[0.01 0.2],[10 100],[3 7],[1 4],[0.3 0.7],[0.3 0.7],[0.001 0.01],[0.001 0.01],[10 100]
109,False,False,False,False,0.5,100,SM_BL_1,8091,7013,not_mlp_sorted_by_issue_d_and_then_id_train_data_20461_20240,validation_4,test_4,[binary],[gbdt],[1 2],[0.01 0.2],[10 100],[3 7],[1 4],[0.3 0.7],[0.3 0.7],[0.001 0.01],[0.001 0.01],[10 100]
110,False,False,False,False,0.5,100,SM_BL_1,8091,7013,not_mlp_sorted_by_issue_d_and_then_id_train_data_20461_20240,validation_5,test_5,[binary],[gbdt],[1 2],[0.01 0.2],[10 100],[3 7],[1 4],[0.3 0.7],[0.3 0.7],[0.001 0.01],[0.001 0.01],[10 100]
111,False,False,False,False,0.5,100,SM_BL_1,8091,7013,not_mlp_sorted_by_issue_d_and_then_id_train_data_20461_20240,validation_6,test_6,[binary],[gbdt],[1 2],[0.01 0.2],[10 100],[3 7],[1 4],[0.3 0.7],[0.3 0.7],[0.001 0.01],[0.001 0.01],[10 100]
112,False,False,False,False,0.5,100,SM_BL_1,8091,7013,not_mlp_sorted_by_issue_d_and_then_id_train_data_20461_20240,validation_7,test_7,[binary],[gbdt],[1 2],[0.01 0.2],[10 100],[3 7],[1 4],[0.3 0.7],[0.3 0.7],[0.001 0.01],[0.001 0.01],[10 100]
113,False,False,False,False,0.5,100,SM_BL_1,8091,7013,not_mlp_sorted_by_issue_d_and_then_id_train_data_20461_20240,validation_8,test_8,[binary],[gbdt],[1 2],[0.01 0.2],[10 100],[3 7],[1 4],[0.3 0.7],[0.3 0.7],[0.001 0.01],[0.001 0.01],[10 100]
114,False,False,False,False,0.5,100,SM_BL_1,8091,7013,not_mlp_sorted_by_issue_d_and_then_id_train_data_20461_20240,validation_9,test_9,[binary],[gbdt],[1 2],[0.01 0.2],[10 100],[3 7],[1 4],[0.3 0.7],[0.3 0.7],[0.001 0.01],[0.001 0.01],[10 100]
115,False,False,False,False,0.5,100,SM_BL_1,8091,7013,not_mlp_sorted_by_issue_d_and_then_id_train_data_20461_20240,validation_10,test_10,[binary],[gbdt],[1 2],[0.01 0.2],[10 100],[3 7],[1 4],[0.3 0.7],[0.3 0.7],[0.001 0.01],[0.001 0.01],[10 100]
116,False,False,False,False,0.5,100,SM_BL_1,8091,7013,not_mlp_sorted_by_issue_d_and_then_id_train_data_20461_20240,validation_11,test_11,[binary],[gbdt],[1 2],[0.01 0.2],[10 100],[3 7],[1 4],[0.3 0.7],[0.3 0.7],[0.001 0.01],[0.001 0.01],[10 100]
117,False,False,False,False,0.5,100,SM_BL_1,8091,7013,not_mlp_sorted_by_issue_d_and_then_id_train_data_20461_20240,validation_12,test_12,[binary],[gbdt],[1 2],[0.01 0.2],[10 100],[3 7],[1 4],[0.3 0.7],[0.3 0.7],[0.001 0.01],[0.001 0.01],[10 100]
118,False,False,False,False,0.5,100,SM_BL_1,8091,7013,not_mlp_sorted_by_issue_d_and_then_id_train_data_20461_20240,validation_13,test_13,[binary],[gbdt],[1 2],[0.01 0.2],[10 100],[3 7],[1 4],[0.3 0.7],[0.3 0.7],[0.001 0.01],[0.001 0.01],[10 100]
119,False,False,False,False,0.5,100,SM_BL_1,8091,7013,not_mlp_sorted_by_issue_d_and_then_id_train_data_20461_20240,validation_14,test_14,[binary],[gbdt],[1 2],[0.01 0.2],[10 100],[3 7],[1 4],[0.3 0.7],[0.3 0.7],[0.001 0.01],[0.001 0.01],[10 100]
120,False,False,False,False,0.5,100,SM_BL_1,8091,7013,not_mlp_sorted_by_issue_d_and_then_id_train_data_20461_20240,validation_15,test_15,[binary],[gbdt],[1 2],[0.01 0.2],[10 100],[3 7],[1 4],[0.3 0.7],[0.3 0.7],[0.001 0.01],[0.001 0.01],[10 100]
121,False,False,False,False,0.5,100,SM_BL_1,8091,7013,not_mlp_sorted_by_issue_d_and_then_id_train_data_20461_20240,validation_16,test_16,[binary],[gbdt],[1 2],[0.01 0.2],[10 100],[3 7],[1 4],[0.3 0.7],[0.3 0.7],[0.001 0.01],[0.001 0.01],[10 100]
122,False,False,False,False,0.5,100,SM_BL_1,8091,7013,not_mlp_sorted_by_issue_d_and_then_id_train_data_20461_20240,validation_17,test_17,[binary],[gbdt],[1 2],[0.01 0.2],[10 100],[3 7],[1 4],[0.3 0.7],[0.3 0.7],[0.001 0.01],[0.001 0.01],[10 100]
123,False,False,False,False,0.5,100,SM_BL_1,8091,7013,not_mlp_sorted_by_issue_d_and_then_id_train_data_20461_20240,validation_18,test_18,[binary],[gbdt],[1 2],[0.01 0.2],[10 100],[3 7],[1 4],[0.3 0.7],[0.3 0.7],[0.001 0.01],[0.001 0.01],[10 100]
124,False,False,False,False,0.5,100,SM_BL_1,8091,7013,not_mlp_sorted_by_issue_d_and_then_id_train_data_20461_20240,validation_19,test_19,[binary],[gbdt],[1 2],[0.01 0.2],[10 100],[3 7],[1 4],[0.3 0.7],[0.3 0.7],[0.001 0.01],[0.001 0.01],[10 100]
125,False,False,False,False,0.5,100,SM_BL_1,8091,7013,not_mlp_sorted_by_issue_d_and_then_id_train_data_20461_20240,validation_20,test_20,[binary],[gbdt],[1 2],[0.01 0.2],[10 100],[3 7],[1 4],[0.3 0.7],[0.3 0.7],[0.001 0.01],[0.001 0.01],[10 100]
126,False,False,False,False,0.5,100,SM_BL_1,8091,7013,not_mlp_sorted_by_issue_d_and_then_id_train_data_20461_20240,validation_21,test_21,[binary],[gbdt],[1 2],[0.01 0.2],[10 100],[3 7],[1 4],[0.3 0.7],[0.3 0.7],[0.001 0.01],[0.001 0.01],[10 100]
127,False,False,False,False,0.5,100,SM_BL_1,8091,7013,not_mlp_sorted_by_issue_d_and_then_id_train_data_20461_20240,validation_22,test_22,[binary],[gbdt],[1 2],[0.01 0.2],[10 100],[3 7],[1 4],[0.3 0.7],[0.3 0.7],[0.001 0.01],[0.001 0.01],[10 100]
128,False,False,False,False,0.5,100,SM_BL_1,8091,7013,not_mlp_sorted_by_issue_d_and_then_id_train_data_20461_20240,validation_23,test_23,[binary],[gbdt],[1 2],[0.01 0.2],[10 100],[3 7],[1 4],[0.3 0.7],[0.3 0.7],[0.001 0.01],[0.001 0.01],[10 100]
129,False,False,False,False,0.5,100,SM_BL_1,8091,7013,not_mlp_sorted_by_issue_d_and_then_id_train_data_20461_20240,validation_24,test_24,[binary],[gbdt],[1 2],[0.01 0.2],[10 100],[3 7],[1 4],[0.3 0.7],[0.3 0.7],[0.001 0.01],[0.001 0.01],[10 100]
130,False,False,False,False,0.5,100,SM_BL_1,8091,7013,not_mlp_sorted_by_issue_d_and_then_id_train_data_20461_20240,validation_25,test_25,[binary],[gbdt],[1 2],[0.01 0.2],[10 100],[3 7],[1 4],[0.3 0.7],[0.3 0.7],[0.001 0.01],[0.001 0.01],[10 100]
131,False,False,False,False,0.5,100,SM_BL_1,8091,7013,not_mlp_sorted_by_issue_d_and_then_id_train_data_20461_20240,validation_26,test_26,[binary],[gbdt],[1 2],[0.01 0.2],[10 100],[3 7],[1 4],[0.3 0.7],[0.3 0.7],[0.001 0.01],[0.001 0.01],[10 100]
132,False,False,False,False,0.5,100,SM_BL_1,8091,7013,not_mlp_sorted_by_issue_d_and_then_id_train_data_20461_20240,validation_27,test_27,[binary],[gbdt],[1 2],[0.01 0.2],[10 100],[3 7],[1 4],[0.3 0.7],[0.3 0.7],[0.001 0.01],[0.001 0.01],[10 100]
133,False,False,False,False,0.5,100,SM_BL_1,8091,7013,not_mlp_sorted_by_issue_d_and_then_id_train_data_20461_20240,validation_28,test_28,[binary],[gbdt],[1 2],[0.01 0.2],[10 100],[3 7],[1 4],[0.3 0.7],[0.3 0.7],[0.001 0.01],[0.001 0.01],[10 100]
134,False,False,False,False,0.5,100,SM_BL_1,8091,7013,not_mlp_sorted_by_issue_d_and_then_id_train_data_20461_20240,validation_29,test_29,[binary],[gbdt],[1 2],[0.01 0.2],[10 100],[3 7],[1 4],[0.3 0.7],[0.3 0.7],[0.001 0.01],[0.001 0.01],[10 100]
135,False,False,False,False,0.5,100,SM_BL_1,8091,7013,not_mlp_sorted_by_issue_d_and_then_id_train_data_20461_20240,validation_30,test_30,[binary],[gbdt],[1 2],[0.01 0.2],[10 100],[3 7],[1 4],[0.3 0.7],[0.3 0.7],[0.001 0.01],[0.001 0.01],[10 100]
136,False,False,False,False,0.5,100,SM_BL_1,8091,7013,not_mlp_sorted_by_issue_d_and_then_id_train_data_20461_20240,validation_31,test_31,[binary],[gbdt],[1 2],[0.01 0.2],[10 100],[3 7],[1 4],[0.3 0.7],[0.3 0.7],[0.001 0.01],[0.001 0.01],[10 100]
137,False,False,False,False,0.5,100,SM_BL_1,8091,7013,not_mlp_sorted_by_issue_d_and_then_id_train_data_20461_20240,validation_32,test_32,[binary],[gbdt],[1 2],[0.01 0.2],[10 100],[3 7],[1 4],[0.3 0.7],[0.3 0.7],[0.001 0.01],[0.001 0.01],[10 100]
138,False,False,False,False,0.5,100,SM_BL_1,8091,7013,not_mlp_sorted_by_issue_d_and_then_id_train_data_20461_20240,validation_33,test_33,[binary],[gbdt],[1 2],[0.01 0.2],[10 100],[3 7],[1 4],[0.3 0.7],[0.3 0.7],[0.001 0.01],[0.001 0.01],[10 100]
139,False,False,False,False,0.5,100,SM_BL_1,8091,7013,not_mlp_sorted_by_issue_d_and_then_id_train_data_20461_20240,validation_34,test_34,[binary],[gbdt],[1 2],[0.01 0.2],[10 100],[3 7],[1 4],[0.3 0.7],[0.3 0.7],[0.001 0.01],[0.001 0.01],[10 100]
140,False,False,False,False,0.5,100,SM_BL_2,8091,7013,not_mlp_sorted_by_issue_d_and_then_id_train_data_20461_20240,validation_0,test_0,[binary],[gbdt],[1 2],[0.01 0.2],[10 100],[3 7],[1 4],[0.3 0.7],[0.3 0.7],[0.001 0.01],[0.001 0.01],[10 100]
141,False,False,False,False,0.5,100,SM_BL_2,8091,7013,not_mlp_sorted_by_issue_d_and_then_id_train_data_20461_20240,validation_1,test_1,[binary],[gbdt],[1 2],[0.01 0.2],[10 100],[3 7],[1 4],[0.3 0.7],[0.3 0.7],[0.001 0.01],[0.001 0.01],[10 100]
142,False,False,False,False,0.5,100,SM_BL_2,8091,7013,not_mlp_sorted_by_issue_d_and_then_id_train_data_20461_20240,validation_2,test_2,[binary],[gbdt],[1 2],[0.01 0.2],[10 100],[3 7],[1 4],[0.3 0.7],[0.3 0.7],[0.001 0.01],[0.001 0.01],[10 100]
143,False,False,False,False,0.5,100,SM_BL_2,8091,7013,not_mlp_sorted_by_issue_d_and_then_id_train_data_20461_20240,validation_3,test_3,[binary],[gbdt],[1 2],[0.01 0.2],[10 100],[3 7],[1 4],[0.3 0.7],[0.3 0.7],[0.001 0.01],[0.001 0.01],[10 100]
144,False,False,False,False,0.5,100,SM_BL_2,8091,7013,not_mlp_sorted_by_issue_d_and_then_id_train_data_20461_20240,validation_4,test_4,[binary],[gbdt],[1 2],[0.01 0.2],[10 100],[3 7],[1 4],[0.3 0.7],[0.3 0.7],[0.001 0.01],[0.001 0.01],[10 100]
145,False,False,False,False,0.5,100,SM_BL_2,8091,7013,not_mlp_sorted_by_issue_d_and_then_id_train_data_20461_20240,validation_5,test_5,[binary],[gbdt],[1 2],[0.01 0.2],[10 100],[3 7],[1 4],[0.3 0.7],[0.3 0.7],[0.001 0.01],[0.001 0.01],[10 100]
146,False,False,False,False,0.5,100,SM_BL_2,8091,7013,not_mlp_sorted_by_issue_d_and_then_id_train_data_20461_20240,validation_6,test_6,[binary],[gbdt],[1 2],[0.01 0.2],[10 100],[3 7],[1 4],[0.3 0.7],[0.3 0.7],[0.001 0.01],[0.001 0.01],[10 100]
147,False,False,False,False,0.5,100,SM_BL_2,8091,7013,not_mlp_sorted_by_issue_d_and_then_id_train_data_20461_20240,validation_7,test_7,[binary],[gbdt],[1 2],[0.01 0.2],[10 100],[3 7],[1 4],[0.3 0.7],[0.3 0.7],[0.001 0.01],[0.001 0.01],[10 100]
148,False,False,False,False,0.5,100,SM_BL_2,8091,7013,not_mlp_sorted_by_issue_d_and_then_id_train_data_20461_20240,validation_8,test_8,[binary],[gbdt],[1 2],[0.01 0.2],[10 100],[3 7],[1 4],[0.3 0.7],[0.3 0.7],[0.001 0.01],[0.001 0.01],[10 100]
149,False,False,False,False,0.5,100,SM_BL_2,8091,7013,not_mlp_sorted_by_issue_d_and_then_id_train_data_20461_20240,validation_9,test_9,[binary],[gbdt],[1 2],[0.01 0.2],[10 100],[3 7],[1 4],[0.3 0.7],[0.3 0.7],[0.001 0.01],[0.001 0.01],[10 100]
150,False,False,False,False,0.5,100,SM_BL_2,8091,7013,not_mlp_sorted_by_issue_d_and_then_id_train_data_20461_20240,validation_10,test_10,[binary],[gbdt],[1 2],[0.01 0.2],[10 100],[3 7],[1 4],[0.3 0.7],[0.3 0.7],[0.001 0.01],[0.001 0.01],[10 100]
151,False,False,False,False,0.5,100,SM_BL_2,8091,7013,not_mlp_sorted_by_issue_d_and_then_id_train_data_20461_20240,validation_11,test_11,[binary],[gbdt],[1 2],[0.01 0.2],[10 100],[3 7],[1 4],[0.3 0.7],[0.3 0.7],[0.001 0.01],[0.001 0.01],[10 100]
152,False,False,False,False,0.5,100,SM_BL_2,8091,7013,not_mlp_sorted_by_issue_d_and_then_id_train_data_20461_20240,validation_12,test_12,[binary],[gbdt],[1 2],[0.01 0.2],[10 100],[3 7],[1 4],[0.3 0.7],[0.3 0.7],[0.001 0.01],[0.001 0.01],[10 100]
153,False,False,False,False,0.5,100,SM_BL_2,8091,7013,not_mlp_sorted_by_issue_d_and_then_id_train_data_20461_20240,validation_13,test_13,[binary],[gbdt],[1 2],[0.01 0.2],[10 100],[3 7],[1 4],[0.3 0.7],[0.3 0.7],[0.001 0.01],[0.001 0.01],[10 100]
154,False,False,False,False,0.5,100,SM_BL_2,8091,7013,not_mlp_sorted_by_issue_d_and_then_id_train_data_20461_20240,validation_14,test_14,[binary],[gbdt],[1 2],[0.01 0.2],[10 100],[3 7],[1 4],[0.3 0.7],[0.3 0.7],[0.001 0.01],[0.001 0.01],[10 100]
155,False,False,False,False,0.5,100,SM_BL_2,8091,7013,not_mlp_sorted_by_issue_d_and_then_id_train_data_20461_20240,validation_15,test_15,[binary],[gbdt],[1 2],[0.01 0.2],[10 100],[3 7],[1 4],[0.3 0.7],[0.3 0.7],[0.001 0.01],[0.001 0.01],[10 100]
156,False,False,False,False,0.5,100,SM_BL_2,8091,7013,not_mlp_sorted_by_issue_d_and_then_id_train_data_20461_20240,validation_16,test_16,[binary],[gbdt],[1 2],[0.01 0.2],[10 100],[3 7],[1 4],[0.3 0.7],[0.3 0.7],[0.001 0.01],[0.001 0.01],[10 100]
157,False,False,False,False,0.5,100,SM_BL_2,8091,7013,not_mlp_sorted_by_issue_d_and_then_id_train_data_20461_20240,validation_17,test_17,[binary],[gbdt],[1 2],[0.01 0.2],[10 100],[3 7],[1 4],[0.3 0.7],[0.3 0.7],[0.001 0.01],[0.001 0.01],[10 100]
158,False,False,False,False,0.5,100,SM_BL_2,8091,7013,not_mlp_sorted_by_issue_d_and_then_id_train_data_20461_20240,validation_18,test_18,[binary],[gbdt],[1 2],[0.01 0.2],[10 100],[3 7],[1 4],[0.3 0.7],[0.3 0.7],[0.001 0.01],[0.001 0.01],[10 100]
159,False,False,False,False,0.5,100,SM_BL_2,8091,7013,not_mlp_sorted_by_issue_d_and_then_id_train_data_20461_20240,validation_19,test_19,[binary],[gbdt],[1 2],[0.01 0.2],[10 100],[3 7],[1 4],[0.3 0.7],[0.3 0.7],[0.001 0.01],[0.001 0.01],[10 100]
160,False,False,False,False,0.5,100,SM_BL_2,8091,7013,not_mlp_sorted_by_issue_d_and_then_id_train_data_20461_20240,validation_20,test_20,[binary],[gbdt],[1 2],[0.01 0.2],[10 100],[3 7],[1 4],[0.3 0.7],[0.3 0.7],[0.001 0.01],[0.001 0.01],[10 100]
161,False,False,False,False,0.5,100,SM_BL_2,8091,7013,not_mlp_sorted_by_issue_d_and_then_id_train_data_20461_20240,validation_21,test_21,[binary],[gbdt],[1 2],[0.01 0.2],[10 100],[3 7],[1 4],[0.3 0.7],[0.3 0.7],[0.001 0.01],[0.001 0.01],[10 100]
162,False,False,False,False,0.5,100,SM_BL_2,8091,7013,not_mlp_sorted_by_issue_d_and_then_id_train_data_20461_20240,validation_22,test_22,[binary],[gbdt],[1 2],[0.01 0.2],[10 100],[3 7],[1 4],[0.3 0.7],[0.3 0.7],[0.001 0.01],[0.001 0.01],[10 100]
163,False,False,False,False,0.5,100,SM_BL_2,8091,7013,not_mlp_sorted_by_issue_d_and_then_id_train_data_20461_20240,validation_23,test_23,[binary],[gbdt],[1 2],[0.01 0.2],[10 100],[3 7],[1 4],[0.3 0.7],[0.3 0.7],[0.001 0.01],[0.001 0.01],[10 100]
164,False,False,False,False,0.5,100,SM_BL_2,8091,7013,not_mlp_sorted_by_issue_d_and_then_id_train_data_20461_20240,validation_24,test_24,[binary],[gbdt],[1 2],[0.01 0.2],[10 100],[3 7],[1 4],[0.3 0.7],[0.3 0.7],[0.001 0.01],[0.001 0.01],[10 100]
165,False,False,False,False,0.5,100,SM_BL_2,8091,7013,not_mlp_sorted_by_issue_d_and_then_id_train_data_20461_20240,validation_25,test_25,[binary],[gbdt],[1 2],[0.01 0.2],[10 100],[3 7],[1 4],[0.3 0.7],[0.3 0.7],[0.001 0.01],[0.001 0.01],[10 100]
166,False,False,False,False,0.5,100,SM_BL_2,8091,7013,not_mlp_sorted_by_issue_d_and_then_id_train_data_20461_20240,validation_26,test_26,[binary],[gbdt],[1 2],[0.01 0.2],[10 100],[3 7],[1 4],[0.3 0.7],[0.3 0.7],[0.001 0.01],[0.001 0.01],[10 100]
167,False,False,False,False,0.5,100,SM_BL_2,8091,7013,not_mlp_sorted_by_issue_d_and_then_id_train_data_20461_20240,validation_27,test_27,[binary],[gbdt],[1 2],[0.01 0.2],[10 100],[3 7],[1 4],[0.3 0.7],[0.3 0.7],[0.001 0.01],[0.001 0.01],[10 100]
168,False,False,False,False,0.5,100,SM_BL_2,8091,7013,not_mlp_sorted_by_issue_d_and_then_id_train_data_20461_20240,validation_28,test_28,[binary],[gbdt],[1 2],[0.01 0.2],[10 100],[3 7],[1 4],[0.3 0.7],[0.3 0.7],[0.001 0.01],[0.001 0.01],[10 100]
169,False,False,False,False,0.5,100,SM_BL_2,8091,7013,not_mlp_sorted_by_issue_d_and_then_id_train_data_20461_20240,validation_29,test_29,[binary],[gbdt],[1 2],[0.01 0.2],[10 100],[3 7],[1 4],[0.3 0.7],[0.3 0.7],[0.001 0.01],[0.001 0.01],[10 100]
170,False,False,False,False,0.5,100,SM_BL_2,8091,7013,not_mlp_sorted_by_issue_d_and_then_id_train_data_20461_20240,validation_30,test_30,[binary],[gbdt],[1 2],[0.01 0.2],[10 100],[3 7],[1 4],[0.3 0.7],[0.3 0.7],[0.001 0.01],[0.001 0.01],[10 100]
171,False,False,False,False,0.5,100,SM_BL_2,8091,7013,not_mlp_sorted_by_issue_d_and_then_id_train_data_20461_20240,validation_31,test_31,[binary],[gbdt],[1 2],[0.01 0.2],[10 100],[3 7],[1 4],[0.3 0.7],[0.3 0.7],[0.001 0.01],[0.001 0.01],[10 100]
172,False,False,False,False,0.5,100,SM_BL_2,8091,7013,not_mlp_sorted_by_issue_d_and_then_id_train_data_20461_20240,validation_32,test_32,[binary],[gbdt],[1 2],[0.01 0.2],[10 100],[3 7],[1 4],[0.3 0.7],[0.3 0.7],[0.001 0.01],[0.001 0.01],[10 100]
173,False,False,False,False,0.5,100,SM_BL_2,8091,7013,not_mlp_sorted_by_issue_d_and_then_id_train_data_20461_20240,validation_33,test_33,[binary],[gbdt],[1 2],[0.01 0.2],[10 100],[3 7],[1 4],[0.3 0.7],[0.3 0.7],[0.001 0.01],[0.001 0.01],[10 100]
174,False,False,False,False,0.5,100,SM_BL_2,8091,7013,not_mlp_sorted_by_issue_d_and_then_id_train_data_20461_20240,validation_34,test_34,[binary],[gbdt],[1 2],[0.01 0.2],[10 100],[3 7],[1 4],[0.3 0.7],[0.3 0.7],[0.001 0.01],[0.001 0.01],[10 100]
175,False,False,False,False,0.5,100,RO,8091,7013,not_mlp_sorted_by_issue_d_and_then_id_train_data_20461_20240,validation_0,test_0,[binary],[gbdt],[1 2],[0.01 0.2],[10 100],[3 7],[1 4],[0.3 0.7],[0.3 0.7],[0.001 0.01],[0.001 0.01],[10 100]
176,False,False,False,False,0.5,100,RO,8091,7013,not_mlp_sorted_by_issue_d_and_then_id_train_data_20461_20240,validation_1,test_1,[binary],[gbdt],[1 2],[0.01 0.2],[10 100],[3 7],[1 4],[0.3 0.7],[0.3 0.7],[0.001 0.01],[0.001 0.01],[10 100]
177,False,False,False,False,0.5,100,RO,8091,7013,not_mlp_sorted_by_issue_d_and_then_id_train_data_20461_20240,validation_2,test_2,[binary],[gbdt],[1 2],[0.01 0.2],[10 100],[3 7],[1 4],[0.3 0.7],[0.3 0.7],[0.001 0.01],[0.001 0.01],[10 100]
178,False,False,False,False,0.5,100,RO,8091,7013,not_mlp_sorted_by_issue_d_and_then_id_train_data_20461_20240,validation_3,test_3,[binary],[gbdt],[1 2],[0.01 0.2],[10 100],[3 7],[1 4],[0.3 0.7],[0.3 0.7],[0.001 0.01],[0.001 0.01],[10 100]
179,False,False,False,False,0.5,100,RO,8091,7013,not_mlp_sorted_by_issue_d_and_then_id_train_data_20461_20240,validation_4,test_4,[binary],[gbdt],[1 2],[0.01 0.2],[10 100],[3 7],[1 4],[0.3 0.7],[0.3 0.7],[0.001 0.01],[0.001 0.01],[10 100]
180,False,False,False,False,0.5,100,RO,8091,7013,not_mlp_sorted_by_issue_d_and_then_id_train_data_20461_20240,validation_5,test_5,[binary],[gbdt],[1 2],[0.01 0.2],[10 100],[3 7],[1 4],[0.3 0.7],[0.3 0.7],[0.001 0.01],[0.001 0.01],[10 100]
181,False,False,False,False,0.5,100,RO,8091,7013,not_mlp_sorted_by_issue_d_and_then_id_train_data_20461_20240,validation_6,test_6,[binary],[gbdt],[1 2],[0.01 0.2],[10 100],[3 7],[1 4],[0.3 0.7],[0.3 0.7],[0.001 0.01],[0.001 0.01],[10 100]
182,False,False,False,False,0.5,100,RO,8091,7013,not_mlp_sorted_by_issue_d_and_then_id_train_data_20461_20240,validation_7,test_7,[binary],[gbdt],[1 2],[0.01 0.2],[10 100],[3 7],[1 4],[0.3 0.7],[0.3 0.7],[0.001 0.01],[0.001 0.01],[10 100]
183,False,False,False,False,0.5,100,RO,8091,7013,not_mlp_sorted_by_issue_d_and_then_id_train_data_20461_20240,validation_8,test_8,[binary],[gbdt],[1 2],[0.01 0.2],[10 100],[3 7],[1 4],[0.3 0.7],[0.3 0.7],[0.001 0.01],[0.001 0.01],[10 100]
184,False,False,False,False,0.5,100,RO,8091,7013,not_mlp_sorted_by_issue_d_and_then_id_train_data_20461_20240,validation_9,test_9,[binary],[gbdt],[1 2],[0.01 0.2],[10 100],[3 7],[1 4],[0.3 0.7],[0.3 0.7],[0.001 0.01],[0.001 0.01],[10 100]
185,False,False,False,False,0.5,100,RO,8091,7013,not_mlp_sorted_by_issue_d_and_then_id_train_data_20461_20240,validation_10,test_10,[binary],[gbdt],[1 2],[0.01 0.2],[10 100],[3 7],[1 4],[0.3 0.7],[0.3 0.7],[0.001 0.01],[0.001 0.01],[10 100]
186,False,False,False,False,0.5,100,RO,8091,7013,not_mlp_sorted_by_issue_d_and_then_id_train_data_20461_20240,validation_11,test_11,[binary],[gbdt],[1 2],[0.01 0.2],[10 100],[3 7],[1 4],[0.3 0.7],[0.3 0.7],[0.001 0.01],[0.001 0.01],[10 100]
187,False,False,False,False,0.5,100,RO,8091,7013,not_mlp_sorted_by_issue_d_and_then_id_train_data_20461_20240,validation_12,test_12,[binary],[gbdt],[1 2],[0.01 0.2],[10 100],[3 7],[1 4],[0.3 0.7],[0.3 0.7],[0.001 0.01],[0.001 0.01],[10 100]
188,False,False,False,False,0.5,100,RO,8091,7013,not_mlp_sorted_by_issue_d_and_then_id_train_data_20461_20240,validation_13,test_13,[binary],[gbdt],[1 2],[0.01 0.2],[10 100],[3 7],[1 4],[0.3 0.7],[0.3 0.7],[0.001 0.01],[0.001 0.01],[10 100]
189,False,False,False,False,0.5,100,RO,8091,7013,not_mlp_sorted_by_issue_d_and_then_id_train_data_20461_20240,validation_14,test_14,[binary],[gbdt],[1 2],[0.01 0.2],[10 100],[3 7],[1 4],[0.3 0.7],[0.3 0.7],[0.001 0.01],[0.001 0.01],[10 100]
190,False,False,False,False,0.5,100,RO,8091,7013,not_mlp_sorted_by_issue_d_and_then_id_train_data_20461_20240,validation_15,test_15,[binary],[gbdt],[1 2],[0.01 0.2],[10 100],[3 7],[1 4],[0.3 0.7],[0.3 0.7],[0.001 0.01],[0.001 0.01],[10 100]
191,False,False,False,False,0.5,100,RO,8091,7013,not_mlp_sorted_by_issue_d_and_then_id_train_data_20461_20240,validation_16,test_16,[binary],[gbdt],[1 2],[0.01 0.2],[10 100],[3 7],[1 4],[0.3 0.7],[0.3 0.7],[0.001 0.01],[0.001 0.01],[10 100]
192,False,False,False,False,0.5,100,RO,8091,7013,not_mlp_sorted_by_issue_d_and_then_id_train_data_20461_20240,validation_17,test_17,[binary],[gbdt],[1 2],[0.01 0.2],[10 100],[3 7],[1 4],[0.3 0.7],[0.3 0.7],[0.001 0.01],[0.001 0.01],[10 100]
193,False,False,False,False,0.5,100,RO,8091,7013,not_mlp_sorted_by_issue_d_and_then_id_train_data_20461_20240,validation_18,test_18,[binary],[gbdt],[1 2],[0.01 0.2],[10 100],[3 7],[1 4],[0.3 0.7],[0.3 0.7],[0.001 0.01],[0.001 0.01],[10 100]
194,False,False,False,False,0.5,100,RO,8091,7013,not_mlp_sorted_by_issue_d_and_then_id_train_data_20461_20240,validation_19,test_19,[binary],[gbdt],[1 2],[0.01 0.2],[10 100],[3 7],[1 4],[0.3 0.7],[0.3 0.7],[0.001 0.01],[0.001 0.01],[10 100]
195,False,False,False,False,0.5,100,RO,8091,7013,not_mlp_sorted_by_issue_d_and_then_id_train_data_20461_20240,validation_20,test_20,[binary],[gbdt],[1 2],[0.01 0.2],[10 100],[3 7],[1 4],[0.3 0.7],[0.3 0.7],[0.001 0.01],[0.001 0.01],[10 100]
196,False,False,False,False,0.5,100,RO,8091,7013,not_mlp_sorted_by_issue_d_and_then_id_train_data_20461_20240,validation_21,test_21,[binary],[gbdt],[1 2],[0.01 0.2],[10 100],[3 7],[1 4],[0.3 0.7],[0.3 0.7],[0.001 0.01],[0.001 0.01],[10 100]
197,False,False,False,False,0.5,100,RO,8091,7013,not_mlp_sorted_by_issue_d_and_then_id_train_data_20461_20240,validation_22,test_22,[binary],[gbdt],[1 2],[0.01 0.2],[10 100],[3 7],[1 4],[0.3 0.7],[0.3 0.7],[0.001 0.01],[0.001 0.01],[10 100]
198,False,False,False,False,0.5,100,RO,8091,7013,not_mlp_sorted_by_issue_d_and_then_id_train_data_20461_20240,validation_23,test_23,[binary],[gbdt],[1 2],[0.01 0.2],[10 100],[3 7],[1 4],[0.3 0.7],[0.3 0.7],[0.001 0.01],[0.001 0.01],[10 100]
199,False,False,False,False,0.5,100,RO,8091,7013,not_mlp_sorted_by_issue_d_and_then_id_train_data_20461_20240,validation_24,test_24,[binary],[gbdt],[1 2],[0.01 0.2],[10 100],[3 7],[1 4],[0.3 0.7],[0.3 0.7],[0.001 0.01],[0.001 0.01],[10 100]
200,False,False,False,False,0.5,100,RO,8091,7013,not_mlp_sorted_by_issue_d_and_then_id_train_data_20461_20240,validation_25,test_25,[binary],[gbdt],[1 2],[0.01 0.2],[10 100],[3 7],[1 4],[0.3 0.7],[0.3 0.7],[0.001 0.01],[0.001 0.01],[10 100]
201,False,False,False,False,0.5,100,RO,8091,7013,not_mlp_sorted_by_issue_d_and_then_id_train_data_20461_20240,validation_26,test_26,[binary],[gbdt],[1 2],[0.01 0.2],[10 100],[3 7],[1 4],[0.3 0.7],[0.3 0.7],[0.001 0.01],[0.001 0.01],[10 100]
202,False,False,False,False,0.5,100,RO,8091,7013,not_mlp_sorted_by_issue_d_and_then_id_train_data_20461_20240,validation_27,test_27,[binary],[gbdt],[1 2],[0.01 0.2],[10 100],[3 7],[1 4],[0.3 0.7],[0.3 0.7],[0.001 0.01],[0.001 0.01],[10 100]
203,False,False,False,False,0.5,100,RO,8091,7013,not_mlp_sorted_by_issue_d_and_then_id_train_data_20461_20240,validation_28,test_28,[binary],[gbdt],[1 2],[0.01 0.2],[10 100],[3 7],[1 4],[0.3 0.7],[0.3 0.7],[0.001 0.01],[0.001 0.01],[10 100]
204,False,False,False,False,0.5,100,RO,8091,7013,not_mlp_sorted_by_issue_d_and_then_id_train_data_20461_20240,validation_29,test_29,[binary],[gbdt],[1 2],[0.01 0.2],[10 100],[3 7],[1 4],[0.3 0.7],[0.3 0.7],[0.001 0.01],[0.001 0.01],[10 100]
205,False,False,False,False,0.5,100,RO,8091,7013,not_mlp_sorted_by_issue_d_and_then_id_train_data_20461_20240,validation_30,test_30,[binary],[gbdt],[1 2],[0.01 0.2],[10 100],[3 7],[1 4],[0.3 0.7],[0.3 0.7],[0.001 0.01],[0.001 0.01],[10 100]
206,False,False,False,False,0.5,100,RO,8091,7013,not_mlp_sorted_by_issue_d_and_then_id_train_data_20461_20240,validation_31,test_31,[binary],[gbdt],[1 2],[0.01 0.2],[10 100],[3 7],[1 4],[0.3 0.7],[0.3 0.7],[0.001 0.01],[0.001 0.01],[10 100]
207,False,False,False,False,0.5,100,RO,8091,7013,not_mlp_sorted_by_issue_d_and_then_id_train_data_20461_20240,validation_32,test_32,[binary],[gbdt],[1 2],[0.01 0.2],[10 100],[3 7],[1 4],[0.3 0.7],[0.3 0.7],[0.001 0.01],[0.001 0.01],[10 100]
208,False,False,False,False,0.5,100,RO,8091,7013,not_mlp_sorted_by_issue_d_and_then_id_train_data_20461_20240,validation_33,test_33,[binary],[gbdt],[1 2],[0.01 0.2],[10 100],[3 7],[1 4],[0.3 0.7],[0.3 0.7],[0.001 0.01],[0.001 0.01],[10 100]
209,False,False,False,False,0.5,100,RO,8091,7013,not_mlp_sorted_by_issue_d_and_then_id_train_data_20461_20240,validation_34,test_34,[binary],[gbdt],[1 2],[0.01 0.2],[10 100],[3 7],[1 4],[0.3 0.7],[0.3 0.7],[0.001 0.01],[0.001 0.01],[10 100]
